{
    "北京": [116.407395, 39.904211],
    "上海": [121.473701, 31.230416],
    "广州": [113.264435, 23.129163],
    "深圳": [114.057868, 22.543099],
    "成都": [104.066541, 30.572269],
    "重庆": [106.551556, 29.563009],
    "武汉": [114.305392, 30.593099],
    "西安": [108.948021, 34.263161],
    "南京": [118.796877, 32.060255],
    "杭州": [120.15507, 30.274084],
    "天津": [117.200983, 39.084158],
    "苏州": [120.619585, 31.299379],
    "青岛": [120.38264, 36.067082],
    "郑州": [113.625368, 34.7466],
    "长沙": [112.938814, 28.228209],
    "沈阳": [123.431474, 41.805698],
    "大连": [121.614682, 38.914003],
    "济南": [117.120497, 36.651216],
    "哈尔滨": [126.5358, 45.802161],
    "厦门": [118.089425, 24.479834],
    "西宁": [101.778228, 36.617144],
    "兰州": [103.834304, 36.061089],
    "乌鲁木齐": [87.617733, 43.792818],
    "银川": [106.230909, 38.487194],
    "呼和浩特": [111.749181, 40.842585],
    "南昌": [115.892151, 28.676493],
    "福州": [119.296494, 26.074508],
    "台北": [121.565418, 25.032969],
    "香港": [114.173355, 22.320048],
    "连云港": [119.221611, 34.596653],
    "扬州": [119.412966, 32.39421],
    "常州": [119.946973, 31.772752],
    "徐州": [117.188107, 34.271553],
    "宁波": [121.550357, 29.874556],
    "泉州": [118.675676, 24.874132],
    "东莞": [113.751765, 23.020536],
    "佛山": [113.122717, 23.028762],
    "南通": [120.894291, 31.981143],
    "常德": [111.698497, 29.031673],
    "绍兴": [120.585316, 30.036369],
    "无锡": [120.312612, 31.49099],
    "温州": [120.699367, 27.994267],
    "湖州": [120.086823, 30.894348],
    "舟山": [122.207216, 29.985295],
    "赣州": [114.93503, 25.831829],
    "宜春": [114.416778, 27.815619],
    "桂林": [110.299121, 25.274215],
    "贵阳": [106.630153, 26.647661],
    "泰安": [117.087614, 36.200252],
    "威海": [122.12042, 37.513068],
    "临沂": [118.356448, 35.104672],
    "中山": [113.392782, 22.517646],
    "惠州": [114.416196, 23.111847],
    "湛江": [110.359377, 21.270708],
    "肇庆": [112.465091, 23.047191],
    "江门": [113.081901, 22.578738],
    "潮州": [116.622603, 23.65695],
    "汕头": [116.681183, 23.354091],
    "揭阳": [116.379501, 23.547999],
    "柳州": [109.424595, 24.325502],
    "南宁": [108.366543, 22.817002],
    "北海": [109.119927, 21.481254],
    "防城港": [108.353846, 21.68686],
    "钦州": [108.654146, 21.979933],
    "百色": [106.616285, 23.902333],
    "河池": [108.062105, 24.695899],
    "曲靖": [103.796167, 25.490036],
    "丽江": [100.233026, 26.872108],
    "玉溪": [102.546543, 24.352036],
    "保山": [99.177996, 25.120489],
    "昆明": [102.832891, 24.880095],
    "临沧": [100.088533, 23.885942],
    "楚雄": [101.527992, 25.045532],
    "文山": [104.222569, 23.405733],
    "西双版纳": [100.797941, 22.001724],
    "大理": [100.267638, 25.606486],
    "红河": [103.375006, 23.364729],
    "怒江": [98.856236, 25.817556],
    "德宏": [98.584895, 24.432706],
    "迪庆": [99.702234, 27.818751],
    "丽水": [119.922796, 28.46763],
    "台州": [121.420562, 28.656118],
    "聊城": [115.985371, 36.456704],
    "日照": [119.526888, 35.416377],
    "荆州": [112.239741, 30.335165],
    "湖北": [114.341862, 30.546498],
    "邵阳": [111.467791, 27.238892],
    "荆门": [112.199265, 31.035423],
    "恩施": [109.491923, 30.285888],
    "黄冈": [114.872316, 30.453906],
    "黄石": [115.03852, 30.199652],
    "咸宁": [114.328963, 29.832798],
    "襄阳": [112.122414, 32.008986],
    "孝感": [113.916903, 30.924568],
    "黄山": [118.338272, 29.715168],
    "安庆": [117.043551, 30.50883],
    "池州": [117.491568, 30.6648],
    "宣城": [118.758816, 30.940718],
    "铜陵": [117.816576, 30.929935],
    "巢湖": [117.874155, 31.600518],
    "滁州": [118.317107, 32.301556],
    "六安": [116.520079, 31.735686],
    "阜阳": [115.820932, 32.896969],
    "澳门": [113.54909, 22.198951],
    "山东":[114.19,34.22]
  }